analysis_id,description,definition
1,"No matching, simple outcome model","{
  ""fitOutcomeModelArgs"": {
    ""control"": {
      ""maxIterations"": 1000,
      ""tolerance"": 2e-07,
      ""convergenceType"": ""gradient"",
      ""autoSearch"": true,
      ""fold"": 10,
      ""lowerLimit"": 0.01,
      ""upperLimit"": 20,
      ""gridSteps"": 10,
      ""minCVData"": 100,
      ""cvRepetitions"": 10,
      ""noiseLevel"": ""quiet"",
      ""threads"": 1,
      ""seed"": 1,
      ""resetCoefficients"": true,
      ""startingVariance"": 0.01,
      ""useKKTSwindle"": false,
      ""tuneSwindle"": 10,
      ""selectorType"": ""auto"",
      ""initialBound"": 2,
      ""maxBoundCount"": 5,
      ""algorithm"": ""ccd"",
      ""doItAll"": true,
      ""syncCV"": false
    },
    ""prior"": {
      ""priorType"": ""laplace"",
      ""variance"": 1,
      ""exclude"": null,
      ""graph"": null,
      ""neighborhood"": null,
      ""useCrossValidation"": true,
      ""forceIntercept"": false
    },
    ""profileBounds"": [-2.3026, 2.3026],
    ""profileGrid"": null,
    ""includeCovariateIds"": null,
    ""excludeCovariateIds"": null,
    ""interactionCovariateIds"": null,
    ""bootstrapReplicates"": 1000,
    ""bootstrapCi"": false,
    ""inversePtWeighting"": false,
    ""useCovariates"": false,
    ""stratified"": false,
    ""modelType"": ""cox""
  },
  ""computeCovariateBalanceArgs"": null,
  ""computeSharedCovariateBalanceArgs"": null,
  ""stratifyByPsArgs"": null,
  ""matchOnPsArgs"": null,
  ""truncateIptwArgs"": null,
  ""trimByPsArgs"": null,
  ""createPsArgs"": null,
  ""createStudyPopulationArgs"": {
    ""censorAtNewRiskWindow"": true,
    ""endAnchor"": ""cohort end"",
    ""riskWindowEnd"": 30,
    ""startAnchor"": ""cohort start"",
    ""riskWindowStart"": 0,
    ""maxDaysAtRisk"": 99999,
    ""minDaysAtRisk"": 1,
    ""priorOutcomeLookback"": 99999,
    ""removeSubjectsWithPriorOutcome"": true
  },
  ""getDbCohortMethodDataArgs"": {
    ""covariateSettings"": {
      ""temporal"": false,
      ""temporalSequence"": false,
      ""DemographicsGender"": true,
      ""DemographicsAgeGroup"": true,
      ""DemographicsRace"": true,
      ""DemographicsEthnicity"": true,
      ""DemographicsIndexYear"": true,
      ""DemographicsIndexMonth"": true,
      ""ConditionGroupEraLongTerm"": true,
      ""ConditionGroupEraShortTerm"": true,
      ""DrugGroupEraLongTerm"": true,
      ""DrugGroupEraShortTerm"": true,
      ""DrugGroupEraOverlapping"": true,
      ""ProcedureOccurrenceLongTerm"": true,
      ""ProcedureOccurrenceShortTerm"": true,
      ""DeviceExposureLongTerm"": true,
      ""DeviceExposureShortTerm"": true,
      ""MeasurementLongTerm"": true,
      ""MeasurementShortTerm"": true,
      ""MeasurementRangeGroupLongTerm"": true,
      ""MeasurementRangeGroupShortTerm"": true,
      ""MeasurementValueAsConceptLongTerm"": true,
      ""MeasurementValueAsConceptShortTerm"": true,
      ""ObservationLongTerm"": true,
      ""ObservationShortTerm"": true,
      ""ObservationValueAsConceptLongTerm"": true,
      ""ObservationValueAsConceptShortTerm"": true,
      ""CharlsonIndex"": true,
      ""Dcsi"": true,
      ""Chads2"": true,
      ""Chads2Vasc"": true,
      ""includedCovariateConceptIds"": [],
      ""includedCovariateIds"": [],
      ""addDescendantsToInclude"": false,
      ""excludedCovariateConceptIds"": [],
      ""addDescendantsToExclude"": true,
      ""shortTermStartDays"": -30,
      ""mediumTermStartDays"": -180,
      ""endDays"": 0,
      ""longTermStartDays"": -365,
      ""attr_class"": ""covariateSettings"",
      ""attr_fun"": ""getDbDefaultCovariateData""
    },
    ""maxCohortSize"": 0,
    ""nestingCohortId"": null,
    ""washoutPeriod"": 183,
    ""restrictToCommonPeriod"": true,
    ""removeDuplicateSubjects"": ""remove all"",
    ""firstExposureOnly"": true,
    ""studyEndDate"": """",
    ""studyStartDate"": """"
  },
  ""description"": ""No matching, simple outcome model"",
  ""analysisId"": 1
}"
2,Matching,"{
  ""fitOutcomeModelArgs"": {
    ""control"": {
      ""maxIterations"": 1000,
      ""tolerance"": 2e-07,
      ""convergenceType"": ""gradient"",
      ""autoSearch"": true,
      ""fold"": 10,
      ""lowerLimit"": 0.01,
      ""upperLimit"": 20,
      ""gridSteps"": 10,
      ""minCVData"": 100,
      ""cvRepetitions"": 10,
      ""noiseLevel"": ""quiet"",
      ""threads"": 1,
      ""seed"": 1,
      ""resetCoefficients"": true,
      ""startingVariance"": 0.01,
      ""useKKTSwindle"": false,
      ""tuneSwindle"": 10,
      ""selectorType"": ""auto"",
      ""initialBound"": 2,
      ""maxBoundCount"": 5,
      ""algorithm"": ""ccd"",
      ""doItAll"": true,
      ""syncCV"": false
    },
    ""prior"": {
      ""priorType"": ""laplace"",
      ""variance"": 1,
      ""exclude"": null,
      ""graph"": null,
      ""neighborhood"": null,
      ""useCrossValidation"": true,
      ""forceIntercept"": false
    },
    ""profileBounds"": [-2.3026, 2.3026],
    ""profileGrid"": null,
    ""includeCovariateIds"": null,
    ""excludeCovariateIds"": null,
    ""interactionCovariateIds"": null,
    ""bootstrapReplicates"": 1000,
    ""bootstrapCi"": false,
    ""inversePtWeighting"": false,
    ""useCovariates"": false,
    ""stratified"": true,
    ""modelType"": ""cox""
  },
  ""computeCovariateBalanceArgs"": {
    ""alpha"": 0.05,
    ""threshold"": 0.1,
    ""covariateFilter"": {
      ""label"": [""Age group"", ""Gender: female"", ""Race"", ""Ethnicity"", ""Medical history: General"", ""Medical history: Cardiovascular disease"", ""Medical history: Neoplasms"", ""Medication use"", ""Charlson comorbidity index"", ""CHADS2Vasc"", ""DCSI""],
      ""analysisId"": [3, 1, 4, 5, 210, 210, 210, 410, 901, 904, 902],
      ""covariateIds"": [null, ""8532001"", null, null, ""4006969210,438409210,4212540210,255573210,201606210,4182210210,440383210,201820210,318800210,192671210,439727210,432867210,316866210,4104000210,433736210,80180210,255848210,140168210,4030518210,80809210,435783210,4279309210,81893210,81902210,197494210,4134440210"", ""313217210,381591210,317576210,321588210,316139210,4185932210,321052210,440417210,444247210"", ""4044013210,432571210,40481902210,443392210,4112853210,4180790210,443388210,197508210,200962210"", ""21601782410,21602796410,21604686410,21604389410,21603932410,21601387410,21602028410,21600960410,21601664410,21601744410,21601461410,21600046410,21603248410,21600712410,21603890410,21601853410,21604254410,21604489410,21604752410"", ""1901"", ""1904"", ""1902""]
    },
    ""maxCohortSize"": 250000,
    ""subgroupCovariateId"": null
  },
  ""computeSharedCovariateBalanceArgs"": {
    ""alpha"": 0.05,
    ""threshold"": 0.1,
    ""covariateFilter"": null,
    ""maxCohortSize"": 250000,
    ""subgroupCovariateId"": null
  },
  ""stratifyByPsArgs"": null,
  ""matchOnPsArgs"": {
    ""matchCovariateIds"": null,
    ""matchColumns"": null,
    ""allowReverseMatch"": false,
    ""maxRatio"": 100,
    ""caliperScale"": ""standardized logit"",
    ""caliper"": 0.2
  },
  ""truncateIptwArgs"": null,
  ""trimByPsArgs"": null,
  ""createPsArgs"": {
    ""estimator"": ""att"",
    ""control"": {
      ""maxIterations"": 1000,
      ""tolerance"": 2e-07,
      ""convergenceType"": ""gradient"",
      ""autoSearch"": true,
      ""fold"": 10,
      ""lowerLimit"": 0.01,
      ""upperLimit"": 20,
      ""gridSteps"": 10,
      ""minCVData"": 100,
      ""cvRepetitions"": 10,
      ""noiseLevel"": ""silent"",
      ""threads"": 1,
      ""seed"": 1,
      ""resetCoefficients"": true,
      ""startingVariance"": 0.01,
      ""useKKTSwindle"": false,
      ""tuneSwindle"": 10,
      ""selectorType"": ""auto"",
      ""initialBound"": 2,
      ""maxBoundCount"": 5,
      ""algorithm"": ""ccd"",
      ""doItAll"": true,
      ""syncCV"": false
    },
    ""prior"": {
      ""priorType"": ""laplace"",
      ""variance"": 0.01,
      ""exclude"": null,
      ""graph"": null,
      ""neighborhood"": null,
      ""useCrossValidation"": false,
      ""forceIntercept"": false
    },
    ""stopOnError"": true,
    ""errorOnHighCorrelation"": true,
    ""maxCohortSizeForFitting"": 250000,
    ""includeCovariateIds"": null,
    ""excludeCovariateIds"": null
  },
  ""createStudyPopulationArgs"": {
    ""censorAtNewRiskWindow"": true,
    ""endAnchor"": ""cohort end"",
    ""riskWindowEnd"": 30,
    ""startAnchor"": ""cohort start"",
    ""riskWindowStart"": 0,
    ""maxDaysAtRisk"": 99999,
    ""minDaysAtRisk"": 1,
    ""priorOutcomeLookback"": 99999,
    ""removeSubjectsWithPriorOutcome"": true
  },
  ""getDbCohortMethodDataArgs"": {
    ""covariateSettings"": {
      ""temporal"": false,
      ""temporalSequence"": false,
      ""DemographicsGender"": true,
      ""DemographicsAgeGroup"": true,
      ""DemographicsRace"": true,
      ""DemographicsEthnicity"": true,
      ""DemographicsIndexYear"": true,
      ""DemographicsIndexMonth"": true,
      ""ConditionGroupEraLongTerm"": true,
      ""ConditionGroupEraShortTerm"": true,
      ""DrugGroupEraLongTerm"": true,
      ""DrugGroupEraShortTerm"": true,
      ""DrugGroupEraOverlapping"": true,
      ""ProcedureOccurrenceLongTerm"": true,
      ""ProcedureOccurrenceShortTerm"": true,
      ""DeviceExposureLongTerm"": true,
      ""DeviceExposureShortTerm"": true,
      ""MeasurementLongTerm"": true,
      ""MeasurementShortTerm"": true,
      ""MeasurementRangeGroupLongTerm"": true,
      ""MeasurementRangeGroupShortTerm"": true,
      ""MeasurementValueAsConceptLongTerm"": true,
      ""MeasurementValueAsConceptShortTerm"": true,
      ""ObservationLongTerm"": true,
      ""ObservationShortTerm"": true,
      ""ObservationValueAsConceptLongTerm"": true,
      ""ObservationValueAsConceptShortTerm"": true,
      ""CharlsonIndex"": true,
      ""Dcsi"": true,
      ""Chads2"": true,
      ""Chads2Vasc"": true,
      ""includedCovariateConceptIds"": [],
      ""includedCovariateIds"": [],
      ""addDescendantsToInclude"": false,
      ""excludedCovariateConceptIds"": [],
      ""addDescendantsToExclude"": true,
      ""shortTermStartDays"": -30,
      ""mediumTermStartDays"": -180,
      ""endDays"": 0,
      ""longTermStartDays"": -365,
      ""attr_class"": ""covariateSettings"",
      ""attr_fun"": ""getDbDefaultCovariateData""
    },
    ""maxCohortSize"": 0,
    ""nestingCohortId"": null,
    ""washoutPeriod"": 183,
    ""restrictToCommonPeriod"": true,
    ""removeDuplicateSubjects"": ""remove all"",
    ""firstExposureOnly"": true,
    ""studyEndDate"": """",
    ""studyStartDate"": """"
  },
  ""description"": ""Matching"",
  ""analysisId"": 2
}"
3,IPTW,"{
  ""fitOutcomeModelArgs"": {
    ""control"": {
      ""maxIterations"": 1000,
      ""tolerance"": 2e-07,
      ""convergenceType"": ""gradient"",
      ""autoSearch"": true,
      ""fold"": 10,
      ""lowerLimit"": 0.01,
      ""upperLimit"": 20,
      ""gridSteps"": 10,
      ""minCVData"": 100,
      ""cvRepetitions"": 10,
      ""noiseLevel"": ""quiet"",
      ""threads"": 1,
      ""seed"": 1,
      ""resetCoefficients"": true,
      ""startingVariance"": 0.01,
      ""useKKTSwindle"": false,
      ""tuneSwindle"": 10,
      ""selectorType"": ""auto"",
      ""initialBound"": 2,
      ""maxBoundCount"": 5,
      ""algorithm"": ""ccd"",
      ""doItAll"": true,
      ""syncCV"": false
    },
    ""prior"": {
      ""priorType"": ""laplace"",
      ""variance"": 1,
      ""exclude"": null,
      ""graph"": null,
      ""neighborhood"": null,
      ""useCrossValidation"": true,
      ""forceIntercept"": false
    },
    ""profileBounds"": [-2.3026, 2.3026],
    ""profileGrid"": null,
    ""includeCovariateIds"": null,
    ""excludeCovariateIds"": null,
    ""interactionCovariateIds"": null,
    ""bootstrapReplicates"": 1000,
    ""bootstrapCi"": false,
    ""inversePtWeighting"": true,
    ""useCovariates"": false,
    ""stratified"": false,
    ""modelType"": ""cox""
  },
  ""computeCovariateBalanceArgs"": null,
  ""computeSharedCovariateBalanceArgs"": {
    ""alpha"": 0.05,
    ""threshold"": 0.1,
    ""covariateFilter"": null,
    ""maxCohortSize"": 250000,
    ""subgroupCovariateId"": null
  },
  ""stratifyByPsArgs"": null,
  ""matchOnPsArgs"": null,
  ""truncateIptwArgs"": {
    ""maxWeight"": 10
  },
  ""trimByPsArgs"": null,
  ""createPsArgs"": {
    ""estimator"": ""att"",
    ""control"": {
      ""maxIterations"": 1000,
      ""tolerance"": 2e-07,
      ""convergenceType"": ""gradient"",
      ""autoSearch"": true,
      ""fold"": 10,
      ""lowerLimit"": 0.01,
      ""upperLimit"": 20,
      ""gridSteps"": 10,
      ""minCVData"": 100,
      ""cvRepetitions"": 10,
      ""noiseLevel"": ""silent"",
      ""threads"": 1,
      ""seed"": 1,
      ""resetCoefficients"": true,
      ""startingVariance"": 0.01,
      ""useKKTSwindle"": false,
      ""tuneSwindle"": 10,
      ""selectorType"": ""auto"",
      ""initialBound"": 2,
      ""maxBoundCount"": 5,
      ""algorithm"": ""ccd"",
      ""doItAll"": true,
      ""syncCV"": false
    },
    ""prior"": {
      ""priorType"": ""laplace"",
      ""variance"": 0.01,
      ""exclude"": null,
      ""graph"": null,
      ""neighborhood"": null,
      ""useCrossValidation"": false,
      ""forceIntercept"": false
    },
    ""stopOnError"": true,
    ""errorOnHighCorrelation"": true,
    ""maxCohortSizeForFitting"": 250000,
    ""includeCovariateIds"": null,
    ""excludeCovariateIds"": null
  },
  ""createStudyPopulationArgs"": {
    ""censorAtNewRiskWindow"": true,
    ""endAnchor"": ""cohort end"",
    ""riskWindowEnd"": 30,
    ""startAnchor"": ""cohort start"",
    ""riskWindowStart"": 0,
    ""maxDaysAtRisk"": 99999,
    ""minDaysAtRisk"": 1,
    ""priorOutcomeLookback"": 99999,
    ""removeSubjectsWithPriorOutcome"": true
  },
  ""getDbCohortMethodDataArgs"": {
    ""covariateSettings"": {
      ""temporal"": false,
      ""temporalSequence"": false,
      ""DemographicsGender"": true,
      ""DemographicsAgeGroup"": true,
      ""DemographicsRace"": true,
      ""DemographicsEthnicity"": true,
      ""DemographicsIndexYear"": true,
      ""DemographicsIndexMonth"": true,
      ""ConditionGroupEraLongTerm"": true,
      ""ConditionGroupEraShortTerm"": true,
      ""DrugGroupEraLongTerm"": true,
      ""DrugGroupEraShortTerm"": true,
      ""DrugGroupEraOverlapping"": true,
      ""ProcedureOccurrenceLongTerm"": true,
      ""ProcedureOccurrenceShortTerm"": true,
      ""DeviceExposureLongTerm"": true,
      ""DeviceExposureShortTerm"": true,
      ""MeasurementLongTerm"": true,
      ""MeasurementShortTerm"": true,
      ""MeasurementRangeGroupLongTerm"": true,
      ""MeasurementRangeGroupShortTerm"": true,
      ""MeasurementValueAsConceptLongTerm"": true,
      ""MeasurementValueAsConceptShortTerm"": true,
      ""ObservationLongTerm"": true,
      ""ObservationShortTerm"": true,
      ""ObservationValueAsConceptLongTerm"": true,
      ""ObservationValueAsConceptShortTerm"": true,
      ""CharlsonIndex"": true,
      ""Dcsi"": true,
      ""Chads2"": true,
      ""Chads2Vasc"": true,
      ""includedCovariateConceptIds"": [],
      ""includedCovariateIds"": [],
      ""addDescendantsToInclude"": false,
      ""excludedCovariateConceptIds"": [],
      ""addDescendantsToExclude"": true,
      ""shortTermStartDays"": -30,
      ""mediumTermStartDays"": -180,
      ""endDays"": 0,
      ""longTermStartDays"": -365,
      ""attr_class"": ""covariateSettings"",
      ""attr_fun"": ""getDbDefaultCovariateData""
    },
    ""maxCohortSize"": 0,
    ""nestingCohortId"": null,
    ""washoutPeriod"": 183,
    ""restrictToCommonPeriod"": true,
    ""removeDuplicateSubjects"": ""remove all"",
    ""firstExposureOnly"": true,
    ""studyEndDate"": """",
    ""studyStartDate"": """"
  },
  ""description"": ""IPTW"",
  ""analysisId"": 3
}"
4,Matching with gender interaction,"{
  ""fitOutcomeModelArgs"": {
    ""control"": {
      ""maxIterations"": 1000,
      ""tolerance"": 2e-07,
      ""convergenceType"": ""gradient"",
      ""autoSearch"": true,
      ""fold"": 10,
      ""lowerLimit"": 0.01,
      ""upperLimit"": 20,
      ""gridSteps"": 10,
      ""minCVData"": 100,
      ""cvRepetitions"": 10,
      ""noiseLevel"": ""quiet"",
      ""threads"": 1,
      ""seed"": 1,
      ""resetCoefficients"": true,
      ""startingVariance"": 0.01,
      ""useKKTSwindle"": false,
      ""tuneSwindle"": 10,
      ""selectorType"": ""auto"",
      ""initialBound"": 2,
      ""maxBoundCount"": 5,
      ""algorithm"": ""ccd"",
      ""doItAll"": true,
      ""syncCV"": false
    },
    ""prior"": {
      ""priorType"": ""laplace"",
      ""variance"": 1,
      ""exclude"": null,
      ""graph"": null,
      ""neighborhood"": null,
      ""useCrossValidation"": true,
      ""forceIntercept"": false
    },
    ""profileBounds"": [-2.3026, 2.3026],
    ""profileGrid"": null,
    ""includeCovariateIds"": null,
    ""excludeCovariateIds"": null,
    ""interactionCovariateIds"": 8532001,
    ""bootstrapReplicates"": 1000,
    ""bootstrapCi"": false,
    ""inversePtWeighting"": false,
    ""useCovariates"": false,
    ""stratified"": true,
    ""modelType"": ""cox""
  },
  ""computeCovariateBalanceArgs"": null,
  ""computeSharedCovariateBalanceArgs"": null,
  ""stratifyByPsArgs"": null,
  ""matchOnPsArgs"": {
    ""matchCovariateIds"": null,
    ""matchColumns"": null,
    ""allowReverseMatch"": false,
    ""maxRatio"": 100,
    ""caliperScale"": ""standardized logit"",
    ""caliper"": 0.2
  },
  ""truncateIptwArgs"": null,
  ""trimByPsArgs"": null,
  ""createPsArgs"": {
    ""estimator"": ""att"",
    ""control"": {
      ""maxIterations"": 1000,
      ""tolerance"": 2e-07,
      ""convergenceType"": ""gradient"",
      ""autoSearch"": true,
      ""fold"": 10,
      ""lowerLimit"": 0.01,
      ""upperLimit"": 20,
      ""gridSteps"": 10,
      ""minCVData"": 100,
      ""cvRepetitions"": 10,
      ""noiseLevel"": ""silent"",
      ""threads"": 1,
      ""seed"": 1,
      ""resetCoefficients"": true,
      ""startingVariance"": 0.01,
      ""useKKTSwindle"": false,
      ""tuneSwindle"": 10,
      ""selectorType"": ""auto"",
      ""initialBound"": 2,
      ""maxBoundCount"": 5,
      ""algorithm"": ""ccd"",
      ""doItAll"": true,
      ""syncCV"": false
    },
    ""prior"": {
      ""priorType"": ""laplace"",
      ""variance"": 0.01,
      ""exclude"": null,
      ""graph"": null,
      ""neighborhood"": null,
      ""useCrossValidation"": false,
      ""forceIntercept"": false
    },
    ""stopOnError"": true,
    ""errorOnHighCorrelation"": true,
    ""maxCohortSizeForFitting"": 250000,
    ""includeCovariateIds"": null,
    ""excludeCovariateIds"": null
  },
  ""createStudyPopulationArgs"": {
    ""censorAtNewRiskWindow"": true,
    ""endAnchor"": ""cohort end"",
    ""riskWindowEnd"": 30,
    ""startAnchor"": ""cohort start"",
    ""riskWindowStart"": 0,
    ""maxDaysAtRisk"": 99999,
    ""minDaysAtRisk"": 1,
    ""priorOutcomeLookback"": 99999,
    ""removeSubjectsWithPriorOutcome"": true
  },
  ""getDbCohortMethodDataArgs"": {
    ""covariateSettings"": {
      ""temporal"": false,
      ""temporalSequence"": false,
      ""DemographicsGender"": true,
      ""DemographicsAgeGroup"": true,
      ""DemographicsRace"": true,
      ""DemographicsEthnicity"": true,
      ""DemographicsIndexYear"": true,
      ""DemographicsIndexMonth"": true,
      ""ConditionGroupEraLongTerm"": true,
      ""ConditionGroupEraShortTerm"": true,
      ""DrugGroupEraLongTerm"": true,
      ""DrugGroupEraShortTerm"": true,
      ""DrugGroupEraOverlapping"": true,
      ""ProcedureOccurrenceLongTerm"": true,
      ""ProcedureOccurrenceShortTerm"": true,
      ""DeviceExposureLongTerm"": true,
      ""DeviceExposureShortTerm"": true,
      ""MeasurementLongTerm"": true,
      ""MeasurementShortTerm"": true,
      ""MeasurementRangeGroupLongTerm"": true,
      ""MeasurementRangeGroupShortTerm"": true,
      ""MeasurementValueAsConceptLongTerm"": true,
      ""MeasurementValueAsConceptShortTerm"": true,
      ""ObservationLongTerm"": true,
      ""ObservationShortTerm"": true,
      ""ObservationValueAsConceptLongTerm"": true,
      ""ObservationValueAsConceptShortTerm"": true,
      ""CharlsonIndex"": true,
      ""Dcsi"": true,
      ""Chads2"": true,
      ""Chads2Vasc"": true,
      ""includedCovariateConceptIds"": [],
      ""includedCovariateIds"": [],
      ""addDescendantsToInclude"": false,
      ""excludedCovariateConceptIds"": [],
      ""addDescendantsToExclude"": true,
      ""shortTermStartDays"": -30,
      ""mediumTermStartDays"": -180,
      ""endDays"": 0,
      ""longTermStartDays"": -365,
      ""attr_class"": ""covariateSettings"",
      ""attr_fun"": ""getDbDefaultCovariateData""
    },
    ""maxCohortSize"": 0,
    ""nestingCohortId"": null,
    ""washoutPeriod"": 183,
    ""restrictToCommonPeriod"": true,
    ""removeDuplicateSubjects"": ""remove all"",
    ""firstExposureOnly"": true,
    ""studyEndDate"": """",
    ""studyStartDate"": """"
  },
  ""description"": ""Matching with gender interaction"",
  ""analysisId"": 4
}"
