sequence_number,description,subjects,exposure_id,target_id,comparator_id,nesting_cohort_id,analysis_id,outcome_id,database_id
1,Original cohorts,1844,1,1,2,0,1,3,Eunomia
2,Remove subjects in both cohorts,1844,1,1,2,0,1,3,Eunomia
3,First exposure only,1844,1,1,2,0,1,3,Eunomia
4,183 days of prior observation,1800,1,1,2,0,1,3,Eunomia
5,Restrict to common period,1797,1,1,2,0,1,3,Eunomia
6,No prior outcome,1797,1,1,2,0,1,3,Eunomia
7,Censoring at start of new time-at-risk,1797,1,1,2,0,1,3,Eunomia
8,Have at least 1 days at risk,1797,1,1,2,0,1,3,Eunomia
1,Original cohorts,850,2,1,2,0,1,3,Eunomia
2,Remove subjects in both cohorts,850,2,1,2,0,1,3,Eunomia
3,First exposure only,850,2,1,2,0,1,3,Eunomia
4,183 days of prior observation,830,2,1,2,0,1,3,Eunomia
5,Restrict to common period,830,2,1,2,0,1,3,Eunomia
6,No prior outcome,830,2,1,2,0,1,3,Eunomia
7,Censoring at start of new time-at-risk,830,2,1,2,0,1,3,Eunomia
8,Have at least 1 days at risk,830,2,1,2,0,1,3,Eunomia
1,No prior outcome,0,998,998,999,0,1,3,Eunomia
2,Have at least 1 days at risk,0,998,998,999,0,1,3,Eunomia
1,No prior outcome,0,999,998,999,0,1,3,Eunomia
2,Have at least 1 days at risk,0,999,998,999,0,1,3,Eunomia
1,Original cohorts,1844,1,1,2,0,2,3,Eunomia
2,Remove subjects in both cohorts,1844,1,1,2,0,2,3,Eunomia
3,First exposure only,1844,1,1,2,0,2,3,Eunomia
4,183 days of prior observation,1800,1,1,2,0,2,3,Eunomia
5,Restrict to common period,1797,1,1,2,0,2,3,Eunomia
6,No prior outcome,1797,1,1,2,0,2,3,Eunomia
7,Censoring at start of new time-at-risk,1797,1,1,2,0,2,3,Eunomia
8,Have at least 1 days at risk,1797,1,1,2,0,2,3,Eunomia
9,Matched on propensity score,830,1,1,2,0,2,3,Eunomia
1,Original cohorts,850,2,1,2,0,2,3,Eunomia
2,Remove subjects in both cohorts,850,2,1,2,0,2,3,Eunomia
3,First exposure only,850,2,1,2,0,2,3,Eunomia
4,183 days of prior observation,830,2,1,2,0,2,3,Eunomia
5,Restrict to common period,830,2,1,2,0,2,3,Eunomia
6,No prior outcome,830,2,1,2,0,2,3,Eunomia
7,Censoring at start of new time-at-risk,830,2,1,2,0,2,3,Eunomia
8,Have at least 1 days at risk,830,2,1,2,0,2,3,Eunomia
9,Matched on propensity score,830,2,1,2,0,2,3,Eunomia
1,No prior outcome,0,998,998,999,0,2,3,Eunomia
2,Have at least 1 days at risk,0,998,998,999,0,2,3,Eunomia
3,Matched on propensity score,0,998,998,999,0,2,3,Eunomia
1,No prior outcome,0,999,998,999,0,2,3,Eunomia
2,Have at least 1 days at risk,0,999,998,999,0,2,3,Eunomia
3,Matched on propensity score,0,999,998,999,0,2,3,Eunomia
1,Original cohorts,1844,1,1,2,0,3,3,Eunomia
2,Remove subjects in both cohorts,1844,1,1,2,0,3,3,Eunomia
3,First exposure only,1844,1,1,2,0,3,3,Eunomia
4,183 days of prior observation,1800,1,1,2,0,3,3,Eunomia
5,Restrict to common period,1797,1,1,2,0,3,3,Eunomia
6,No prior outcome,1797,1,1,2,0,3,3,Eunomia
7,Censoring at start of new time-at-risk,1797,1,1,2,0,3,3,Eunomia
8,Have at least 1 days at risk,1797,1,1,2,0,3,3,Eunomia
1,Original cohorts,850,2,1,2,0,3,3,Eunomia
2,Remove subjects in both cohorts,850,2,1,2,0,3,3,Eunomia
3,First exposure only,850,2,1,2,0,3,3,Eunomia
4,183 days of prior observation,830,2,1,2,0,3,3,Eunomia
5,Restrict to common period,830,2,1,2,0,3,3,Eunomia
6,No prior outcome,830,2,1,2,0,3,3,Eunomia
7,Censoring at start of new time-at-risk,830,2,1,2,0,3,3,Eunomia
8,Have at least 1 days at risk,830,2,1,2,0,3,3,Eunomia
1,Original cohorts,1844,1,1,2,0,4,3,Eunomia
2,Remove subjects in both cohorts,1844,1,1,2,0,4,3,Eunomia
3,First exposure only,1844,1,1,2,0,4,3,Eunomia
4,183 days of prior observation,1800,1,1,2,0,4,3,Eunomia
5,Restrict to common period,1797,1,1,2,0,4,3,Eunomia
6,No prior outcome,1797,1,1,2,0,4,3,Eunomia
7,Censoring at start of new time-at-risk,1797,1,1,2,0,4,3,Eunomia
8,Have at least 1 days at risk,1797,1,1,2,0,4,3,Eunomia
9,Matched on propensity score,830,1,1,2,0,4,3,Eunomia
1,Original cohorts,850,2,1,2,0,4,3,Eunomia
2,Remove subjects in both cohorts,850,2,1,2,0,4,3,Eunomia
3,First exposure only,850,2,1,2,0,4,3,Eunomia
4,183 days of prior observation,830,2,1,2,0,4,3,Eunomia
5,Restrict to common period,830,2,1,2,0,4,3,Eunomia
6,No prior outcome,830,2,1,2,0,4,3,Eunomia
7,Censoring at start of new time-at-risk,830,2,1,2,0,4,3,Eunomia
8,Have at least 1 days at risk,830,2,1,2,0,4,3,Eunomia
9,Matched on propensity score,830,2,1,2,0,4,3,Eunomia
