sequence_number,description,subjects,exposure_id,target_id,comparator_id,analysis_id,outcome_id,database_id
1,Original cohorts,1800,1,1,2,1,3,Eunomia
2,First exp. only & removed subs in both cohorts & 183 days of obs. prior,1800,1,1,2,1,3,Eunomia
3,First exposure only,1800,1,1,2,1,3,Eunomia
4,Restrict to common period,1793,1,1,2,1,3,Eunomia
5,Removed subjects in both cohorts,1793,1,1,2,1,3,Eunomia
6,At least 183 days of observation prior,1793,1,1,2,1,3,Eunomia
7,No prior outcome,1793,1,1,2,1,3,Eunomia
8,Censoring at start of new time-at-risk,1793,1,1,2,1,3,Eunomia
9,Have at least 1 days at risk,1793,1,1,2,1,3,Eunomia
1,Original cohorts,830,2,1,2,1,3,Eunomia
2,First exp. only & removed subs in both cohorts & 183 days of obs. prior,830,2,1,2,1,3,Eunomia
3,First exposure only,830,2,1,2,1,3,Eunomia
4,Restrict to common period,830,2,1,2,1,3,Eunomia
5,Removed subjects in both cohorts,830,2,1,2,1,3,Eunomia
6,At least 183 days of observation prior,830,2,1,2,1,3,Eunomia
7,No prior outcome,830,2,1,2,1,3,Eunomia
8,Censoring at start of new time-at-risk,830,2,1,2,1,3,Eunomia
9,Have at least 1 days at risk,830,2,1,2,1,3,Eunomia
1,Original cohorts,0,998,998,999,1,3,Eunomia
2,First exp. only & removed subs in both cohorts & 183 days of obs. prior,0,998,998,999,1,3,Eunomia
3,First exposure only,0,998,998,999,1,3,Eunomia
4,Restrict to common period,0,998,998,999,1,3,Eunomia
5,Removed subjects in both cohorts,0,998,998,999,1,3,Eunomia
6,At least 183 days of observation prior,0,998,998,999,1,3,Eunomia
7,No prior outcome,0,998,998,999,1,3,Eunomia
8,Have at least 1 days at risk,0,998,998,999,1,3,Eunomia
1,Original cohorts,0,999,998,999,1,3,Eunomia
2,First exp. only & removed subs in both cohorts & 183 days of obs. prior,0,999,998,999,1,3,Eunomia
3,First exposure only,0,999,998,999,1,3,Eunomia
4,Restrict to common period,0,999,998,999,1,3,Eunomia
5,Removed subjects in both cohorts,0,999,998,999,1,3,Eunomia
6,At least 183 days of observation prior,0,999,998,999,1,3,Eunomia
7,No prior outcome,0,999,998,999,1,3,Eunomia
8,Have at least 1 days at risk,0,999,998,999,1,3,Eunomia
1,Original cohorts,1800,1,1,2,2,3,Eunomia
2,First exp. only & removed subs in both cohorts & 183 days of obs. prior,1800,1,1,2,2,3,Eunomia
3,First exposure only,1800,1,1,2,2,3,Eunomia
4,Restrict to common period,1793,1,1,2,2,3,Eunomia
5,Restricting duplicate subjects to first cohort,1793,1,1,2,2,3,Eunomia
6,At least 183 days of observation prior,1793,1,1,2,2,3,Eunomia
7,No prior outcome,1793,1,1,2,2,3,Eunomia
8,Censoring at start of new time-at-risk,1793,1,1,2,2,3,Eunomia
9,Have at least 1 days at risk,1793,1,1,2,2,3,Eunomia
10,Matched on propensity score,830,1,1,2,2,3,Eunomia
1,Original cohorts,830,2,1,2,2,3,Eunomia
2,First exp. only & removed subs in both cohorts & 183 days of obs. prior,830,2,1,2,2,3,Eunomia
3,First exposure only,830,2,1,2,2,3,Eunomia
4,Restrict to common period,830,2,1,2,2,3,Eunomia
5,Restricting duplicate subjects to first cohort,830,2,1,2,2,3,Eunomia
6,At least 183 days of observation prior,830,2,1,2,2,3,Eunomia
7,No prior outcome,830,2,1,2,2,3,Eunomia
8,Censoring at start of new time-at-risk,830,2,1,2,2,3,Eunomia
9,Have at least 1 days at risk,830,2,1,2,2,3,Eunomia
10,Matched on propensity score,830,2,1,2,2,3,Eunomia
1,Original cohorts,0,998,998,999,2,3,Eunomia
2,First exp. only & removed subs in both cohorts & 183 days of obs. prior,0,998,998,999,2,3,Eunomia
3,First exposure only,0,998,998,999,2,3,Eunomia
4,Restrict to common period,0,998,998,999,2,3,Eunomia
5,Restricting duplicate subjects to first cohort,0,998,998,999,2,3,Eunomia
6,At least 183 days of observation prior,0,998,998,999,2,3,Eunomia
7,No prior outcome,0,998,998,999,2,3,Eunomia
8,Have at least 1 days at risk,0,998,998,999,2,3,Eunomia
9,Matched on propensity score,0,998,998,999,2,3,Eunomia
1,Original cohorts,0,999,998,999,2,3,Eunomia
2,First exp. only & removed subs in both cohorts & 183 days of obs. prior,0,999,998,999,2,3,Eunomia
3,First exposure only,0,999,998,999,2,3,Eunomia
4,Restrict to common period,0,999,998,999,2,3,Eunomia
5,Restricting duplicate subjects to first cohort,0,999,998,999,2,3,Eunomia
6,At least 183 days of observation prior,0,999,998,999,2,3,Eunomia
7,No prior outcome,0,999,998,999,2,3,Eunomia
8,Have at least 1 days at risk,0,999,998,999,2,3,Eunomia
9,Matched on propensity score,0,999,998,999,2,3,Eunomia
1,Original cohorts,1800,1,1,2,3,3,Eunomia
2,First exp. only & removed subs in both cohorts & 183 days of obs. prior,1800,1,1,2,3,3,Eunomia
3,First exposure only,1800,1,1,2,3,3,Eunomia
4,Restrict to common period,1793,1,1,2,3,3,Eunomia
5,Restricting duplicate subjects to first cohort,1793,1,1,2,3,3,Eunomia
6,At least 183 days of observation prior,1793,1,1,2,3,3,Eunomia
7,No prior outcome,1793,1,1,2,3,3,Eunomia
8,Censoring at start of new time-at-risk,1793,1,1,2,3,3,Eunomia
9,Have at least 1 days at risk,1793,1,1,2,3,3,Eunomia
1,Original cohorts,830,2,1,2,3,3,Eunomia
2,First exp. only & removed subs in both cohorts & 183 days of obs. prior,830,2,1,2,3,3,Eunomia
3,First exposure only,830,2,1,2,3,3,Eunomia
4,Restrict to common period,830,2,1,2,3,3,Eunomia
5,Restricting duplicate subjects to first cohort,830,2,1,2,3,3,Eunomia
6,At least 183 days of observation prior,830,2,1,2,3,3,Eunomia
7,No prior outcome,830,2,1,2,3,3,Eunomia
8,Censoring at start of new time-at-risk,830,2,1,2,3,3,Eunomia
9,Have at least 1 days at risk,830,2,1,2,3,3,Eunomia
1,Original cohorts,1800,1,1,2,4,3,Eunomia
2,First exp. only & removed subs in both cohorts & 183 days of obs. prior,1800,1,1,2,4,3,Eunomia
3,First exposure only,1800,1,1,2,4,3,Eunomia
4,Restrict to common period,1793,1,1,2,4,3,Eunomia
5,Restricting duplicate subjects to first cohort,1793,1,1,2,4,3,Eunomia
6,At least 183 days of observation prior,1793,1,1,2,4,3,Eunomia
7,No prior outcome,1793,1,1,2,4,3,Eunomia
8,Censoring at start of new time-at-risk,1793,1,1,2,4,3,Eunomia
9,Have at least 1 days at risk,1793,1,1,2,4,3,Eunomia
10,Matched on propensity score,830,1,1,2,4,3,Eunomia
1,Original cohorts,830,2,1,2,4,3,Eunomia
2,First exp. only & removed subs in both cohorts & 183 days of obs. prior,830,2,1,2,4,3,Eunomia
3,First exposure only,830,2,1,2,4,3,Eunomia
4,Restrict to common period,830,2,1,2,4,3,Eunomia
5,Restricting duplicate subjects to first cohort,830,2,1,2,4,3,Eunomia
6,At least 183 days of observation prior,830,2,1,2,4,3,Eunomia
7,No prior outcome,830,2,1,2,4,3,Eunomia
8,Censoring at start of new time-at-risk,830,2,1,2,4,3,Eunomia
9,Have at least 1 days at risk,830,2,1,2,4,3,Eunomia
10,Matched on propensity score,830,2,1,2,4,3,Eunomia
