analysis_id,outcome_id,max_sdm,sdm_family_wise_min_p,balance_diagnostic,shared_max_sdm,shared_sdm_family_wise_min_p,shared_balance_diagnostic,equipoise,equipoise_diagnostic,generalizability_max_sdm,generalizability_diagnostic,mdrr,mdrr_diagnostic,ease,ease_diagnostic,unblind_for_evidence_synthesis,unblind,target_comparator_id,database_id,attrition_fraction,attrition_diagnostic
1,3,NA,NA,NOT EVALUATED,NA,NA,NOT EVALUATED,NA,NOT EVALUATED,NA,NOT EVALUATED,1.6127112395729981,PASS,NA,NOT EVALUATED,1,1,894409308,Eunomia,NA,NOT EVALUATED
1,4,NA,NA,NOT EVALUATED,NA,NA,NOT EVALUATED,NA,NOT EVALUATED,NA,NOT EVALUATED,1.1247677508302691,PASS,NA,NOT EVALUATED,1,1,894409308,Eunomia,NA,NOT EVALUATED
2,3,0.07768454932099456,6.077158705117971,PASS,0.11396057645963795,133.9086188728715,FAIL,0.9756376094404263,PASS,0.34330679362243316,PASS,1.8111008745496617,PASS,NA,NOT EVALUATED,0,0,894409308,Eunomia,NA,NOT EVALUATED
2,4,NA,NA,NOT EVALUATED,0.11396057645963795,133.9086188728715,FAIL,0.9756376094404263,PASS,0.34330679362243316,PASS,1.1474297138449405,PASS,NA,NOT EVALUATED,0,0,894409308,Eunomia,NA,NOT EVALUATED
3,3,NA,NA,NOT EVALUATED,0.11903128294646485,124.53072160151764,FAIL,0.9756376094404263,PASS,2.4568785708076335e-7,PASS,1.6127112395729981,PASS,NA,NOT EVALUATED,0,0,894409308,Eunomia,NA,NOT EVALUATED
3,4,NA,NA,NOT EVALUATED,0.11903128294646485,124.53072160151764,FAIL,0.9756376094404263,PASS,2.4568785708076335e-7,PASS,1.1247677508302691,PASS,NA,NOT EVALUATED,0,0,894409308,Eunomia,NA,NOT EVALUATED
4,3,NA,NA,NOT EVALUATED,NA,NA,NOT EVALUATED,0.9756376094404263,PASS,NA,NOT EVALUATED,1.8111008745496617,PASS,NA,NOT EVALUATED,1,1,894409308,Eunomia,NA,NOT EVALUATED
4,4,NA,NA,NOT EVALUATED,NA,NA,NOT EVALUATED,0.9756376094404263,PASS,NA,NOT EVALUATED,1.1474297138449405,PASS,NA,NOT EVALUATED,1,1,894409308,Eunomia,NA,NOT EVALUATED
1,3,NA,NA,NOT EVALUATED,NA,NA,NOT EVALUATED,NA,NOT EVALUATED,NA,NOT EVALUATED,NA,FAIL,NA,NOT EVALUATED,1,0,518658498,Eunomia,NA,NOT EVALUATED
1,4,NA,NA,NOT EVALUATED,NA,NA,NOT EVALUATED,NA,NOT EVALUATED,NA,NOT EVALUATED,NA,FAIL,NA,NOT EVALUATED,1,0,518658498,Eunomia,NA,NOT EVALUATED
2,3,NA,NA,NOT EVALUATED,NA,NA,NOT EVALUATED,NA,NOT EVALUATED,NA,NOT EVALUATED,NA,FAIL,NA,NOT EVALUATED,1,0,518658498,Eunomia,NA,NOT EVALUATED
2,4,NA,NA,NOT EVALUATED,NA,NA,NOT EVALUATED,NA,NOT EVALUATED,NA,NOT EVALUATED,NA,FAIL,NA,NOT EVALUATED,1,0,518658498,Eunomia,NA,NOT EVALUATED
