analysis_id,target_id,comparator_id,outcome_id,max_sdm,shared_max_sdm,equipoise,mdrr,generalizability_max_sdm,ease,balance_diagnostic,shared_balance_diagnostic,equipoise_diagnostic,mdrr_diagnostic,generalizability_diagnostic,ease_diagnostic,unblind,database_id,attrition_fraction,attrition_diagnostic
1,1,2,3,NA,NA,NA,1.6172937476248017,NA,NA,NOT EVALUATED,NOT EVALUATED,NOT EVALUATED,PASS,NOT EVALUATED,NOT EVALUATED,1,Eunomia,NA,NOT EVALUATED
1,998,999,3,NA,NA,NA,Inf,NA,NA,NOT EVALUATED,NOT EVALUATED,NOT EVALUATED,FAIL,NOT EVALUATED,NOT EVALUATED,0,Eunomia,NA,NOT EVALUATED
2,1,2,3,0.06935774799830188,0.09860086427275111,0.975600457491422,1.8362935480615272,0.32452101350261753,NA,PASS,PASS,PASS,PASS,PASS,NOT EVALUATED,1,Eunomia,NA,NOT EVALUATED
2,998,999,3,NA,NA,NA,Inf,NA,NA,NOT EVALUATED,NOT EVALUATED,NOT EVALUATED,FAIL,NOT EVALUATED,NOT EVALUATED,0,Eunomia,NA,NOT EVALUATED
3,1,2,3,NA,0.11912362733905983,0.975600457491422,1.6172937476248017,0.035599780784319274,NA,NOT EVALUATED,FAIL,PASS,PASS,PASS,NOT EVALUATED,0,Eunomia,NA,NOT EVALUATED
4,1,2,3,NA,NA,0.975600457491422,1.8362935480615272,NA,NA,NOT EVALUATED,NOT EVALUATED,PASS,PASS,NOT EVALUATED,NOT EVALUATED,1,Eunomia,NA,NOT EVALUATED
