analysis_id,target_id,comparator_id,outcome_id,max_sdm,shared_max_sdm,equipoise,mdrr,generalizability_max_sdm,ease,database_id,balance_diagnostic,shared_balance_diagnostic,equipoise_diagnostic,mdrr_diagnostic,generalizability_diagnostic,ease_diagnostic,unblind,unblind_for_evidence_synthesis,attrition_fraction,attrition_diagnostic
1,1,2,3,NA,NA,NA,1.6172937476248017,NA,NA,Eunomia,NOT EVALUATED,NOT EVALUATED,NOT EVALUATED,PASS,NOT EVALUATED,NOT EVALUATED,1,1,NA,NOT EVALUATED
1,1,2,4,NA,NA,NA,1.1248143506094541,NA,NA,Eunomia,NOT EVALUATED,NOT EVALUATED,NOT EVALUATED,PASS,NOT EVALUATED,NOT EVALUATED,1,1,NA,NOT EVALUATED
1,998,999,3,NA,NA,NA,Inf,NA,NA,Eunomia,NOT EVALUATED,NOT EVALUATED,NOT EVALUATED,FAIL,NOT EVALUATED,NOT EVALUATED,0,1,NA,NOT EVALUATED
1,998,999,4,NA,NA,NA,Inf,NA,NA,Eunomia,NOT EVALUATED,NOT EVALUATED,NOT EVALUATED,FAIL,NOT EVALUATED,NOT EVALUATED,0,1,NA,NOT EVALUATED
2,1,2,3,0.07762564712812547,0.10999358984818737,0.975600457491422,1.8111008745496617,0.32452101350261753,NA,Eunomia,PASS,FAIL,PASS,PASS,PASS,NOT EVALUATED,0,0,NA,NOT EVALUATED
2,1,2,4,NA,0.10999358984818737,0.975600457491422,1.1474297138449405,0.32452101350261753,NA,Eunomia,NOT EVALUATED,FAIL,PASS,PASS,PASS,NOT EVALUATED,0,0,NA,NOT EVALUATED
2,998,999,3,NA,NA,NA,Inf,NA,NA,Eunomia,NOT EVALUATED,NOT EVALUATED,NOT EVALUATED,FAIL,NOT EVALUATED,NOT EVALUATED,0,1,NA,NOT EVALUATED
2,998,999,4,NA,NA,NA,Inf,NA,NA,Eunomia,NOT EVALUATED,NOT EVALUATED,NOT EVALUATED,FAIL,NOT EVALUATED,NOT EVALUATED,0,1,NA,NOT EVALUATED
3,1,2,3,NA,0.11912362733906127,0.975600457491422,1.6172937476248017,0.03559978078431898,NA,Eunomia,NOT EVALUATED,FAIL,PASS,PASS,PASS,NOT EVALUATED,0,0,NA,NOT EVALUATED
3,1,2,4,NA,0.11912362733906127,0.975600457491422,1.1248143506094541,0.03559978078431898,NA,Eunomia,NOT EVALUATED,FAIL,PASS,PASS,PASS,NOT EVALUATED,0,0,NA,NOT EVALUATED
4,1,2,3,NA,NA,0.975600457491422,1.8111008745496617,NA,NA,Eunomia,NOT EVALUATED,NOT EVALUATED,PASS,PASS,NOT EVALUATED,NOT EVALUATED,1,1,NA,NOT EVALUATED
4,1,2,4,NA,NA,0.975600457491422,1.1474297138449405,NA,NA,Eunomia,NOT EVALUATED,NOT EVALUATED,PASS,PASS,NOT EVALUATED,NOT EVALUATED,1,1,NA,NOT EVALUATED
