target_comparator_id,outcome_id,analysis_id,target_min_days,target_p_10_days,target_p_25_days,target_median_days,target_p_75_days,target_p_90_days,target_max_days,comparator_min_days,comparator_p_10_days,comparator_p_25_days,comparator_median_days,comparator_p_75_days,comparator_p_90_days,comparator_max_days,target_min_date,target_max_date,comparator_min_date,comparator_max_date,database_id
894409308,3,1,6,31,31,31,31,31,31,6,31,31,31,31,31,31,1943-11-09,2019-04-14,1943-07-03,2019-03-15,Eunomia
518658498,3,1,NA,NA,NA,NA,NA,NA,NA,NA,NA,NA,NA,NA,NA,NA,NA,NA,NA,NA,Eunomia
894409308,3,2,6,31,31,31,31,31,31,6,31,31,31,31,31,31,1945-04-23,2019-04-14,1943-07-03,2019-03-15,Eunomia
518658498,3,2,NA,NA,NA,NA,NA,NA,NA,NA,NA,NA,NA,NA,NA,NA,NA,NA,NA,NA,Eunomia
894409308,3,3,6,31,31,31,31,31,31,6,31,31,31,31,31,31,1943-11-09,2019-04-14,1943-07-03,2019-03-15,Eunomia
894409308,3,4,6,31,31,31,31,31,31,6,31,31,31,31,31,31,1945-04-23,2019-04-14,1943-07-03,2019-03-15,Eunomia
