analysis_id,target_id,comparator_id,outcome_id,rr,ci_95_lb,ci_95_ub,p,one_sided_p,target_subjects,comparator_subjects,target_days,comparator_days,target_outcomes,comparator_outcomes,log_rr,se_log_rr,llr,calibrated_rr,calibrated_ci_95_lb,calibrated_ci_95_ub,calibrated_p,calibrated_one_sided_p,calibrated_log_rr,calibrated_se_log_rr,target_estimator,database_id
1,1,2,3,1.1155379920776918,0.7966953306158008,1.587409075284033,0.5341381958804678,0.2670690979402339,1793,830,54306,25102,111,46,0.10933679264995981,0.17586703727467648,0.197277497361938,NA,NA,NA,NA,NA,NA,NA,ate,Eunomia
1,1,2,4,NA,NA,NA,NA,0.2670690979402339,1793,830,1793,830,1793,830,NA,NA,NA,NA,NA,NA,NA,NA,NA,NA,ate,Eunomia
2,1,2,3,0.7954545454545461,0.5074527483379939,1.2375689714441205,0.3143115235290917,0.8428442382354542,830,830,25252,25102,39,46,-0.22884157242884676,0.2274278085117892,0.5137729638740751,NA,NA,NA,NA,NA,NA,NA,att,Eunomia
2,1,2,4,NA,NA,NA,NA,0.8428442382354542,830,830,830,830,830,830,NA,NA,NA,NA,NA,NA,NA,NA,NA,NA,att,Eunomia
3,1,2,3,1.113602730142726,0.740158987174935,1.7178670034709143,0.6164068566564449,0.30820342832822245,1793,830,54306,25102,111,46,0.10760046223179985,0.21479314976048008,0.1283545231701737,NA,NA,NA,NA,NA,NA,NA,att,Eunomia
3,1,2,4,NA,NA,NA,NA,0.30820342832822245,1793,830,1793,830,1793,830,NA,NA,NA,NA,NA,NA,NA,NA,NA,NA,att,Eunomia
4,1,2,3,0.6815216518336474,0.2782679659247917,1.6160938882732843,0.39289552973066527,0.8035522351346673,830,830,25252,25102,39,46,-0.3834272575011533,0.4487793640120231,0.37768211370743643,NA,NA,NA,NA,NA,NA,NA,att,Eunomia
4,1,2,4,NA,NA,NA,NA,0.8035522351346673,830,830,830,830,830,830,NA,NA,NA,NA,NA,NA,NA,NA,NA,NA,att,Eunomia
1,998,999,3,NA,NA,NA,NA,0.2670690979402339,0,0,0,0,0,0,NA,NA,NA,NA,NA,NA,NA,NA,NA,NA,ate,Eunomia
1,998,999,4,NA,NA,NA,NA,0.2670690979402339,0,0,0,0,0,0,NA,NA,NA,NA,NA,NA,NA,NA,NA,NA,ate,Eunomia
2,998,999,3,NA,NA,NA,NA,0.8428442382354542,0,0,0,0,0,0,NA,NA,NA,NA,NA,NA,NA,NA,NA,NA,att,Eunomia
2,998,999,4,NA,NA,NA,NA,0.8428442382354542,0,0,0,0,0,0,NA,NA,NA,NA,NA,NA,NA,NA,NA,NA,att,Eunomia
