analysis_id,target_id,comparator_id,outcome_id,rr,ci_95_lb,ci_95_ub,p,one_sided_p,target_subjects,comparator_subjects,target_days,comparator_days,target_outcomes,comparator_outcomes,log_rr,se_log_rr,llr,calibrated_rr,calibrated_ci_95_lb,calibrated_ci_95_ub,calibrated_p,calibrated_one_sided_p,calibrated_log_rr,calibrated_se_log_rr,target_estimator,database_id
1,1,2,3,1.1340672422578013,0.8108212938585398,1.6125026002476504,0.4731639314194087,0.23658196570970436,1797,830,54388,25102,113,46,0.12581050007122532,0.1753845962577618,0.2632140312059619,NA,NA,NA,NA,NA,NA,NA,ate,Eunomia
1,1,2,4,NA,NA,NA,NA,NA,1797,830,1797,830,1797,830,NA,NA,NA,NA,NA,NA,NA,NA,NA,NA,ate,Eunomia
2,1,2,3,0.8888888888888911,0.5786254924351636,1.3606486993720865,0.5892229546524473,0.7053885226737764,830,830,25175,25102,43,46,-0.11778303565638105,0.21813191624724948,0.14714375014037984,NA,NA,NA,NA,NA,NA,NA,att,Eunomia
2,1,2,4,NA,NA,NA,NA,NA,830,830,830,830,830,830,NA,NA,NA,NA,NA,NA,NA,NA,NA,NA,att,Eunomia
3,1,2,3,1.131557867039047,0.7531585414905049,1.7434813243657206,0.5638009595467284,0.2819004797733642,1797,830,54388,25102,113,46,0.12359532666536813,0.21412725157095328,0.1708185941914735,NA,NA,NA,NA,NA,NA,NA,att,Eunomia
3,1,2,4,NA,NA,NA,NA,NA,1797,830,1797,830,1797,830,NA,NA,NA,NA,NA,NA,NA,NA,NA,NA,att,Eunomia
4,1,2,3,1.0700880213788397,0.4815306967471709,2.3895484759040597,0.8683407952820332,0.4341703976410166,830,830,25175,25102,43,46,0.06774090806128033,0.4086528466748559,0.014007597383752568,NA,NA,NA,NA,NA,NA,NA,att,Eunomia
4,1,2,4,NA,NA,NA,NA,NA,830,830,830,830,830,830,NA,NA,NA,NA,NA,NA,NA,NA,NA,NA,att,Eunomia
1,998,999,3,NA,NA,NA,NA,NA,0,0,0,0,0,0,NA,NA,NA,NA,NA,NA,NA,NA,NA,NA,ate,Eunomia
1,998,999,4,NA,NA,NA,NA,NA,0,0,0,0,0,0,NA,NA,NA,NA,NA,NA,NA,NA,NA,NA,ate,Eunomia
2,998,999,3,NA,NA,NA,NA,NA,0,0,0,0,0,0,NA,NA,NA,NA,NA,NA,NA,NA,NA,NA,att,Eunomia
2,998,999,4,NA,NA,NA,NA,NA,0,0,0,0,0,0,NA,NA,NA,NA,NA,NA,NA,NA,NA,NA,att,Eunomia
