analysis_id,target_id,comparator_id,outcome_id,rr,ci_95_lb,ci_95_ub,p,one_sided_p,target_subjects,comparator_subjects,target_days,comparator_days,target_outcomes,comparator_outcomes,log_rr,se_log_rr,llr,calibrated_rr,calibrated_ci_95_lb,calibrated_ci_95_ub,calibrated_p,calibrated_one_sided_p,calibrated_log_rr,calibrated_se_log_rr,target_estimator,database_id
1,1,2,3,1.1155379920776918,0.7966953306158008,1.587409075284033,0.5341381958804678,0.2670690979402339,1793,830,54306,25102,111,46,0.10933679264995981,0.17586703727467648,0.197277497361938,NA,NA,NA,NA,NA,NA,NA,ate,Eunomia
1,1,2,4,NA,NA,NA,NA,NA,1793,830,1793,830,1793,830,NA,NA,NA,NA,NA,NA,NA,NA,NA,NA,ate,Eunomia
2,1,2,3,0.8478260869565195,0.551015394781231,1.2980689018168958,0.45013435692803633,0.7749328215359819,830,830,25171,25102,43,46,-0.16507975035945116,0.21859336120547776,0.2885619834731301,NA,NA,NA,NA,NA,NA,NA,att,Eunomia
2,1,2,4,NA,NA,NA,NA,NA,830,830,830,830,830,830,NA,NA,NA,NA,NA,NA,NA,NA,NA,NA,att,Eunomia
3,1,2,3,1.113602730142726,0.740158987174935,1.7178670034709143,0.6164068566564449,0.30820342832822245,1793,830,54306,25102,111,46,0.10760046223179985,0.21479314976048008,0.1283545231701737,NA,NA,NA,NA,NA,NA,NA,att,Eunomia
3,1,2,4,NA,NA,NA,NA,NA,1793,830,1793,830,1793,830,NA,NA,NA,NA,NA,NA,NA,NA,NA,NA,att,Eunomia
4,1,2,3,0.7093603279924207,0.2969252146753716,1.6485399058977668,0.43229929718097404,0.783850351409513,830,830,25171,25102,43,46,-0.34339166153254513,0.4372950162563962,0.3176128588026188,NA,NA,NA,NA,NA,NA,NA,att,Eunomia
4,1,2,4,NA,NA,NA,NA,NA,830,830,830,830,830,830,NA,NA,NA,NA,NA,NA,NA,NA,NA,NA,att,Eunomia
1,998,999,3,NA,NA,NA,NA,NA,0,0,0,0,0,0,NA,NA,NA,NA,NA,NA,NA,NA,NA,NA,ate,Eunomia
1,998,999,4,NA,NA,NA,NA,NA,0,0,0,0,0,0,NA,NA,NA,NA,NA,NA,NA,NA,NA,NA,ate,Eunomia
2,998,999,3,NA,NA,NA,NA,NA,0,0,0,0,0,0,NA,NA,NA,NA,NA,NA,NA,NA,NA,NA,att,Eunomia
2,998,999,4,NA,NA,NA,NA,NA,0,0,0,0,0,0,NA,NA,NA,NA,NA,NA,NA,NA,NA,NA,att,Eunomia
